first_name,integer
Lin,1000
Colin,1000
Emilee,997
Nerty,996
Andrey,996
Buddy,995
Saleem,995
Hughie,992
Joell,990
Emlynn,988
Morna,988
Bettina,987
Brock,987
Iggie,985
Cordy,984
Lorilyn,984
Carla,983
Ashlee,983
Afton,982
Wallis,982
Mariam,980
Claudine,979
Carny,977
Paige,977
Joe,977
Casandra,976
Lyndy,974
Adrienne,974
Chantalle,972
Adi,971
Arlin,970
Adria,970
Windham,968
Hannie,968
Kat,967
Port,967
Sloane,967
Susana,966
Johanna,966
Chantalle,965
Pauletta,965
Bale,964
Farah,964
Randi,962
Patience,961
Jamey,961
Arluene,959
Magdalen,959
Ingmar,958
Elvira,956
Katharina,956
Pennie,955
Reyna,954
Farlay,954
Sascha,953
Annabell,950
Gay,950
Shirleen,950
Sidonnie,947
Remington,946
Mikol,944
Davy,944
Tull,944
Joscelin,943
Flossie,942
Emili,941
Salomi,941
Lotte,940
Isabelita,939
Kassi,939
Dorian,939
Erroll,938
Philipa,935
Gary,934
Bearnard,934
Noel,933
Dionne,929
Joscelin,928
Madlen,927
Edie,927
Ambrosio,926
Jessie,924
Cristen,924
Katya,923
Tommie,923
Kissiah,921
Alvina,920
Myrvyn,919
Hamil,919
Lynnell,919
Marthena,918
Stacee,916
Ryley,915
Cyb,914
Claretta,912
Caria,910
Tobye,910
Tanhya,909
Zorana,908
Baron,907
Dory,906
Conant,906
Mayer,905
Garik,904
Carney,903
Clementia,903
Ilyssa,903
Pietro,900
Flory,900
Kaycee,900
Toddie,898
Cassondra,898
Libbey,897
Harlie,897
Levy,896
Bert,895
Eolande,893
Lemmy,890
Arlie,890
Jessica,889
Luelle,889
Rubie,889
Alexis,889
Berri,888
Robena,888
Cornela,887
Dukie,886
Reynard,886
Gray,886
Amandy,885
Gardie,883
Honor,883
Betteann,883
Devin,882
Jim,882
Marlie,882
Cynthea,881
Laughton,878
Linnea,877
Remus,877
Welsh,875
Richard,874
Land,874
Valentin,873
Freeman,873
Minnaminnie,871
Allianora,870
Fin,869
Harriott,869
Kellina,869
Myrilla,868
Donny,868
Loydie,866
Margy,866
Britta,864
Rea,864
Pietro,864
Goddard,864
Arlinda,863
Cassie,862
Lorry,858
Darius,858
Allina,857
Daven,855
Alfy,854
Brigida,854
Langston,854
Liane,853
Alonzo,850
Clemmy,848
Sol,847
Colleen,844
Baudoin,840
Danie,840
Jorey,840
Lucie,839
Britteny,839
Stefano,839
Humfrey,838
Renaud,837
Edgardo,835
Daisy,834
Carmelia,834
Elladine,833
Palmer,831
Henrieta,830
Stanleigh,830
Kaila,829
Leigh,828
Aretha,828
Adriana,826
Langston,824
Dinnie,822
Cher,821
Rosabella,818
Letisha,817
Georgianne,816
Rory,816
Lorinda,816
Donnajean,815
Erek,814
Nomi,813
Minny,813
Millie,812
Erick,811
Elane,809
Sergent,805
Case,805
Sammy,802
Byram,800
Dillon,798
Claudelle,798
Lori,796
Phelia,795
Otho,793
Didi,793
Danica,791
Shaun,789
Jamie,789
Olympie,789
Karlan,788
Mil,785
Quinn,784
Shea,783
Shellysheldon,782
Gertrude,779
Nicol,779
Cirillo,778
Hermina,778
Cissy,776
Raff,773
Robina,773
Loy,773
Elysha,768
Blane,768
Debi,767
Shirl,766
Tamera,765
Jedediah,762
Amabel,761
Farris,759
Dinnie,759
Cary,758
Meade,757
Talya,757
Amabelle,757
Jerad,754
Aguistin,754
Geraldine,753
Raynor,753
Levon,752
Elsa,752
Sunny,750
Mallissa,750
Dulcy,748
Patrice,747
Dulcy,747
Zachary,747
Rex,746
Donovan,746
Trix,745
Lucio,743
Ethan,743
Eldredge,741
Fanny,740
Jeno,738
Wally,738
Guenevere,735
Bonnibelle,734
Gardy,730
Pammie,729
Uriel,725
Jamesy,724
Hobard,723
Aldon,723
Melisande,720
Allegra,719
Doria,719
Mareah,719
Phil,718
Forest,717
Horatio,717
Jolie,717
Emanuel,715
Dwayne,714
Rockie,714
Maressa,713
Aubine,712
Audre,710
Izaak,710
Celka,709
Sorcha,708
Ced,706
Gianna,705
Liza,703
Marchall,702
Lisetta,701
Donetta,701
Babita,700
Lizbeth,700
Berne,699
Olive,699
Hortense,697
Delcine,696
Kore,693
Titus,692
Miran,691
Haily,690
Denni,690
Pepito,689
Coleman,687
Stan,686
Rabi,684
Flynn,683
Eada,683
Ezra,681
Bail,680
Madelle,679
Dominick,677
Roldan,677
Rickey,674
Melitta,669
Delmore,666
Stirling,665
Valeria,664
Blair,663
Susette,662
Tamiko,661
Ceciley,659
Elva,659
Henderson,658
Joey,655
Noelani,654
D'arcy,652
Hortensia,651
Claribel,650
Alli,649
Adel,647
Torey,647
Granger,646
Lynnell,645
Vinny,643
Kimmy,643
Dorolice,642
Vanni,640
Lyndsie,640
Natalie,637
Livia,637
Galven,637
Belia,633
Carola,632
Matti,631
Abbie,631
Quill,630
Marcelo,626
Helaine,626
Grove,626
Maia,626
Faydra,626
Herold,625
Harlen,623
Sarge,623
Quincey,621
Kynthia,621
Ted,621
Malissa,621
Andrew,621
Lila,621
Penni,620
Natale,619
Earl,619
Robyn,617
Edmon,616
Demetra,616
Joell,616
Janette,615
Charla,615
Madeline,615
Sandi,614
Nydia,614
Lyndell,612
Nicholas,611
Christyna,610
Adrian,610
Delly,608
Nananne,608
Tersina,608
Roxanne,607
Reynard,605
Ula,604
Delores,603
Chris,602
Maryanne,601
Aaron,599
Garnette,599
Stacy,599
Brittan,598
Marybelle,598
Roxane,597
Keeley,597
Felizio,596
Justen,596
Gabrila,592
Edyth,589
Juliana,587
Tobye,587
Noe,586
Darlene,585
Rollie,580
Leilah,579
Tedman,578
Ddene,574
Harley,574
Burr,571
Celestina,570
Berta,570
Agustin,569
Caryl,568
Julianna,567
Galina,567
Tiebout,567
Fanchon,566
Darill,565
Liesa,565
Berrie,564
Mariska,563
Joela,559
Osbourn,557
Hort,557
Pepillo,556
Launce,556
Normand,556
Bernelle,554
Harri,554
Gizela,553
Ruperta,553
Ardelle,552
Nick,552
Waylen,552
Duncan,551
Almeria,551
Stormy,551
Constantina,550
Grayce,550
Sharlene,550
Allegra,549
Marne,548
Obadias,547
Sioux,546
Arturo,545
Tori,544
Loren,544
Corney,542
Terri-jo,541
Shoshana,541
Edgard,539
Corrine,538
Pen,537
Ferdinande,534
Kalila,533
Moyra,532
Ibbie,532
Carola,531
Ede,529
Corney,526
Lowrance,525
Truda,525
Aurlie,525
Howey,525
Ina,525
Dena,524
Mohandas,524
Brittni,524
Rasla,524
Kiley,523
Moise,522
Hollis,522
Madelene,521
Meier,519
Denney,518
Quent,516
Penny,516
Mateo,515
Maegan,514
Neddy,514
Elka,513
Libbie,513
Worthy,512
Randie,511
Joanne,506
Dennie,506
Ty,506
Eldredge,505
Jefferey,504
Chris,503
Lorri,502
Lazar,500
Chelsae,500
Demetris,500
Domenic,499
Cull,497
Townie,495
Marc,494
Way,494
Louella,492
Rikki,491
Kattie,491
Sid,490
Tanny,489
Joanie,488
Carie,488
Mortimer,488
Jesse,486
Sonnie,485
Batholomew,485
Ted,485
Juliette,484
Jolyn,483
Ranice,483
Dorise,480
Marwin,480
Reinhard,477
Sheridan,476
Wainwright,475
Cash,473
Valry,473
Lowe,472
Allen,471
Agna,470
Nesta,466
Morey,464
Samara,464
Margaretha,461
Sandra,460
Tye,459
Boyce,459
Wiatt,458
Benedetto,457
Land,457
Rina,456
Roshelle,455
Marcia,454
Griffin,451
Livy,451
Sibyl,450
Annalee,449
Hazel,449
Tucker,449
Berni,448
Erick,448
Isa,446
Brigitte,445
Davis,444
Haroun,443
Hadria,443
Lynsey,442
Denver,441
Norry,440
Prince,439
Drucie,439
Mikkel,438
Aguie,438
Nolie,438
Hilda,438
Hastings,438
Liuka,437
Dorene,437
Melodie,435
Tybie,434
Mureil,434
Tiffanie,433
Shirlene,433
Chicky,432
Luke,432
Xenos,431
Laureen,430
Reilly,429
Debi,428
Enos,427
Prescott,427
Sarena,426
Delbert,425
Cesare,425
Berenice,425
Mari,424
Norrie,423
Waldon,423
Remus,423
Carrissa,422
Hymie,419
Tess,416
Giacopo,416
Turner,415
Adolf,415
Ulrica,414
Marya,413
Morgen,413
Esther,412
Kalinda,412
Lon,411
Lidia,411
Rozella,411
Kaila,410
Siana,410
Nickolaus,406
Byran,403
Maud,401
Bank,401
Isidro,401
Marley,397
Margarette,394
Barty,394
Analise,391
Halette,390
Olag,389
Chic,388
Loretta,388
Jermaine,387
Hussein,386
Oralie,386
Tymon,386
Dulce,380
Dorise,379
Jacenta,378
Cathlene,376
Tamqrah,376
Ric,375
Myrta,374
Vincenty,374
Sianna,371
Guy,371
Darbee,370
Olympe,367
Quint,367
Forster,367
Gertrude,366
Roselin,365
Colly,360
Muriel,360
Billy,360
Ignazio,360
Wade,358
Gardener,357
Germaine,357
Elane,356
Herb,356
Christen,354
Binny,354
Lynn,353
Isabelle,351
Sandra,350
Cary,349
Andy,348
Noami,347
Lilah,346
Florence,345
Sinclare,345
Arne,344
Brew,343
Janis,343
Beaufort,342
Willie,340
Elianora,340
Berri,339
Beulah,339
Innis,339
Jewel,338
Stafani,337
Anet,336
Brannon,336
Korella,336
Kristi,336
Tiphanie,335
Nertie,334
Yvor,334
Nissie,334
Rey,334
Susy,333
Natividad,333
Breena,332
Stormie,331
Dawna,331
Brier,330
Marlin,330
Ninette,329
Dolores,328
Jere,325
David,324
Gwenni,324
Tadd,321
Vail,321
Annamarie,319
Marleah,319
Domeniga,318
Kath,317
Dulsea,315
Ailyn,313
Royce,312
Lucy,312
Marwin,311
Klaus,309
Waring,309
Chelsae,309
Fannie,307
Norry,306
Lotty,306
Rosabel,306
Cookie,305
Todd,304
Philippe,304
Robbie,303
Arline,302
Philippine,302
Sharona,302
Marion,301
Rob,300
Antonella,297
Elysia,297
Prisca,295
Alessandro,294
Lowell,292
Jonell,292
Curtice,292
Lorianne,290
Yardley,289
Kiel,289
Amalle,289
Dottie,288
Norma,288
Esmeralda,288
Rochell,286
Jodie,286
Lilia,286
Ruthanne,285
Noby,282
Latia,282
Manfred,280
Biddy,278
Yehudi,277
Bella,274
Melli,271
Cornie,270
Mira,268
Horten,266
Hannah,265
Melinda,263
Jazmin,260
Melli,259
Britte,258
Stevana,252
Tybi,250
Maria,249
Alfonse,246
Rodney,245
Valry,244
Loni,244
Hewie,242
Corly,241
Christye,241
Lock,241
Elizabet,239
Nollie,239
Chryste,237
Fons,236
Lalo,236
Kiele,235
Matthiew,235
Giorgio,234
Calypso,233
Clerc,230
Cullin,230
Rhiamon,229
Salvador,226
Stephine,226
Mozes,225
Christoph,224
Rhodie,222
Gelya,220
Guillema,220
Chucho,220
Giusto,219
Ingram,218
Hamilton,214
Dav,214
Alene,213
Yolanda,211
Missy,211
Raul,211
Laird,210
Mathias,210
Roarke,208
Atlanta,206
Ashil,204
Selene,204
Nedda,204
Westley,200
Liuka,200
Odetta,198
Neddy,198
Nikita,198
Inglis,197
Frederico,195
Vladamir,195
Tillie,194
Gale,193
Becka,191
Tyson,190
Roz,190
Dania,190
Frederich,189
Rafaellle,188
Eugenius,188
Lalo,188
Aloise,187
Veradis,186
Eadmund,186
Alfie,185
Katharina,183
Paco,182
Cherie,181
Cirilo,181
Nissy,179
Eddie,179
Adiana,179
Davita,178
Cati,175
Krissy,175
Ursulina,172
Crin,170
Sherill,168
Hanni,167
Mella,163
Perry,162
Arel,162
Aharon,159
Reinhold,156
Lucien,156
Cristina,155
Hoyt,150
Timmy,150
Barth,150
Terese,149
Amby,149
James,148
Cyndia,147
Rance,146
Gayle,145
Ermanno,144
Shannah,144
Lalo,143
Anny,142
Pearline,140
Reggy,139
Winna,138
Kaleena,138
Dewain,138
Devina,137
Junina,137
Diandra,135
Quincey,135
Conant,133
Alexandre,131
Desiree,130
Phillis,130
Rollie,129
Bancroft,129
Grantley,129
Monika,126
Amabel,122
Mitch,121
Fairleigh,121
Caro,121
Thomas,119
Fidel,118
Holli,118
Marcellina,118
Karol,117
Catrina,116
Fionna,114
Murray,113
Rhody,110
Javier,110
Rachel,108
Alistair,105
Mallory,104
Dionne,103
Shaun,102
Gawen,102
Antonietta,102
Garik,102
Bartholomeus,101
Ophelia,99
Freeman,98
Anne,97
Myrta,97
Isiahi,94
Maxine,93
Lilia,93
Gloriane,92
Killy,92
Paige,92
Richy,92
Jarrett,92
Hugues,91
Lynea,91
Correna,90
Dalton,89
Ninette,88
Alika,88
Sidonnie,88
Esther,88
Kimberley,87
Dahlia,87
Sue,86
Anica,86
Henka,86
Man,85
Lavena,85
Sigvard,83
Jayme,83
Danell,82
Nickolas,81
Carlyn,80
Alika,80
Davita,78
Dinah,76
Davina,76
Tommy,75
Angus,75
Hanna,72
Jedd,69
Vonny,64
Arvie,64
Aleta,63
Niki,62
Selestina,59
Cinda,59
Bevon,58
Latrena,58
Janeva,58
Lulita,56
Ryley,56
Cobb,54
Ancell,54
Shae,53
Violante,53
Alysia,52
Sunshine,52
Sully,50
Mireielle,50
Jewell,49
Kamila,49
Cletis,49
Codi,48
Lavinia,47
Ced,43
Veronike,42
Sheridan,42
Dareen,39
Mina,38
Tania,37
Palm,36
Tabbie,36
Theobald,34
Ulises,34
Wilone,31
Archie,29
Kelbee,29
Gustavus,28
Alano,26
Packston,24
Erek,23
Nate,23
Artus,23
Vick,22
Aeriel,21
Gardner,21
Angele,21
Eba,21
Ange,20
Lydon,18
Rhodia,17
Dael,17
Aileen,17
Shaw,14
Maribeth,14
Noellyn,13
Elli,12
Doyle,10
Fabio,10
Freddi,9
Tine,8
Austina,8
Gabrila,7
Bax,7
Benedick,6
Josephine,5
Gardie,5
Wilmar,4
Denis,2
