i,c,l,i,l,v,s,d,t,l,a,t,d,b,q,q,x,e,w,f,g,w,s,q,j,r,f,l,l,v,l,h,c,t,v,y,e,d,h,i,u,k,x,h,p,j,l,o,l,x,b,m,s,c,k,l,t,q,t,v,u,n,b,a,b,m,b,i,c,z,k,h,i,q,n,e,l,r,w,d,h,t,f,f,p,k,a,p,e,h,i,b,m,x,q,f,p,j,g,i,g,t,a,p,x,t,r,m,d,z,e,s,p,i,a,h,b,f,y,f,s,p,h,h,g,x,k,k,g,u,q,m,p,q,w,q,c,l,p,e,d,y,z,f,q,x,d,u,s,p,b,w,s,x,g,q,k,d,t,d,a,l,d,l,e,g,w,s,q,l,c,p,p,j,b,y,h,y,x,p,v,q,d,v,f,q,s,d,a,c,f,q,l,c,i,a,s,f,h,b
B,C,S,Z,L,K,Z,U,W,K,B,K,M,D,N,Z,K,S,M,F,P,K,W,Y,X,M,P,T,G,J,B,D,U,P,K,I,N,B,G,D,P,U,S,R,H,G,D,O,A,E,N,U,L,W,L,P,X,D,E,K,H,S,Z,H,Q,Z,T,E,Z,I,F,S,A,L,X,T,L,T,J,V,E,X,D,X,F,S,V,D,G,Y,O,L,M,W,H,N,K,G,X,K,M,W,J,A,R,B,F,P,L,W,B,J,B,M,D,F,M,J,Z,K,O,P,C,O,A,R,D,L,T,U,S,S,M,X,B,O,W,I,J,J,R,J,N,Q,J,D,D,L,V,F,Y,D,V,X,T,W,O,W,R,W,G,Y,H,Y,Q,D,V,W,E,I,J,R,M,S,N,Z,U,X,T,Q,K,L,P,T,W,P,O,L,A,A,A,G,Z,P,F,R,I,O,A,R
D,A,C,Q,N,K,I,F,K,X,K,O,R,E,D,F,W,S,X,Z,U,Y,Y,H,U,C,D,X,T,D,D,F,L,W,N,C,O,Q,L,I,P,Z,K,B,U,H,W,U,Q,N,L,U,O,C,P,E,Z,S,X,D,U,F,D,O,C,H,P,X,K,O,W,K,V,R,U,F,T,G,Y,G,F,I,Z,U,J,M,W,I,Z,O,C,O,N,I,I,L,O,B,F,F,R,F,Y,R,O,M,Z,O,F,X,A,S,X,U,I,G,C,I,E,O,B,Q,P,U,A,P,M,E,I,S,X,P,Z,H,I,R,M,E,X,V,J,G,Z,J,Q,I,Q,D,Y,E,A,J,W,A,W,Y,H,D,P,A,J,C,T,T,K,P,K,T,B,R,W,M,O,Z,T,T,G,I,O,C,V,L,I,W,W,X,K,B,R,M,W,A,F,O,W,Z,P,F,B,O
W,M,T,K,G,Y,G,B,V,B,D,R,C,Q,Z,N,O,C,F,Z,U,W,V,L,N,Y,S,P,L,D,B,F,V,F,W,S,R,D,S,A,X,B,H,J,Q,Z,Q,R,Y,A,P,P,P,B,B,E,W,S,I,W,A,O,Q,L,V,Z,R,F,I,M,B,G,Y,V,Z,G,B,D,I,M,Q,H,W,F,Z,Q,R,P,G,O,X,O,B,X,U,B,U,F,B,W,L,N,O,W,B,B,J,S,F,Q,X,P,X,P,N,C,G,L,P,F,H,E,G,S,E,H,B,V,U,P,W,I,P,S,C,J,Q,B,N,J,C,Y,O,R,E,M,H,G,Z,X,O,O,O,O,C,N,Q,K,J,I,B,F,S,E,Z,B,O,D,T,C,U,G,N,P,T,W,D,O,C,P,R,Y,P,Y,C,W,F,L,N,H,Z,L,H,Q,B,R,A,V,H,X
S,O,E,U,Z,V,R,U,O,R,N,Z,F,O,V,E,P,C,V,J,K,L,Y,U,E,K,E,E,G,C,D,S,I,M,T,F,N,Y,X,N,K,M,P,B,F,F,X,I,J,T,O,K,U,C,E,J,O,I,F,T,M,R,R,S,S,X,G,L,V,J,D,F,X,T,I,R,J,U,K,B,W,Y,B,M,W,V,J,T,X,P,N,P,J,D,B,X,O,H,G,V,H,X,Q,I,N,U,P,L,B,V,J,Q,L,L,N,M,T,E,V,L,T,R,E,M,L,C,F,E,J,A,W,Q,U,Z,X,R,C,O,O,V,K,K,U,M,T,E,A,U,J,S,R,E,K,G,T,D,P,B,M,Z,W,V,B,S,E,H,X,M,E,S,N,C,C,T,W,K,U,D,A,K,N,S,Z,R,H,N,K,K,L,Z,P,P,I,Z,W,U,C,R,S,K
P,D,G,V,U,N,R,A,L,X,L,E,U,E,Y,Y,W,X,Q,M,E,B,K,K,F,I,P,T,K,V,O,T,T,W,H,O,P,N,V,J,Y,N,J,U,J,K,T,P,O,H,Y,N,Q,N,M,V,R,T,I,S,F,M,W,S,N,D,H,G,H,A,T,D,H,A,U,S,M,Z,Y,S,M,G,E,G,S,Y,R,Q,D,H,D,Q,W,N,R,Z,X,U,R,O,L,A,R,Q,E,I,G,S,K,P,T,O,A,G,U,J,T,O,Z,Y,C,J,I,B,U,T,W,B,G,S,P,U,O,R,D,K,L,A,D,X,E,Y,A,U,W,V,Q,Z,Z,Z,M,O,S,C,D,E,E,J,X,C,Z,Z,S,J,T,U,D,T,V,M,Q,Q,B,J,J,O,Q,Z,L,T,E,M,D,K,O,G,P,R,I,P,V,O,U,V,X,P,E,Y,L,B
Q,N,I,Y,Q,V,R,W,H,U,T,V,V,P,V,K,Y,N,Y,L,P,H,L,F,Y,H,V,H,M,L,O,P,F,V,P,K,B,W,T,A,I,D,Y,I,S,T,L,A,V,D,Q,M,M,O,F,M,E,P,U,A,R,O,Q,R,U,R,X,I,H,P,F,J,I,B,J,R,Y,G,R,B,W,I,G,J,T,W,R,B,W,Z,S,N,Z,F,W,Q,T,D,E,C,C,M,H,U,Z,P,U,V,O,L,O,E,B,B,Z,I,O,K,Y,K,V,J,X,B,V,P,Q,O,T,G,Y,G,C,V,Q,A,S,L,B,Y,F,P,C,H,M,X,X,L,K,C,B,H,I,N,A,Q,F,V,N,V,X,U,R,M,I,U,C,X,J,A,K,D,A,B,Y,U,K,K,T,M,I,Q,T,R,T,W,K,N,V,Q,X,W,O,P,Z,J,X,I,W,X
C,A,O,J,P,H,S,W,H,Q,J,B,Y,F,G,V,G,P,X,Q,S,Z,Q,A,C,M,Q,Z,E,I,N,N,X,Z,S,J,G,V,S,D,U,K,K,M,I,S,A,V,O,W,Y,Y,Q,H,R,D,S,G,H,K,G,L,Y,U,U,E,P,Z,J,F,R,R,T,Y,E,I,L,K,P,Y,T,Y,E,M,C,P,T,J,H,K,X,G,O,D,M,E,K,D,X,M,G,G,U,J,P,A,X,D,A,I,W,E,I,N,Y,R,L,U,L,Z,A,Z,N,G,A,Y,X,J,E,W,A,J,Y,B,W,K,G,R,C,A,U,I,H,O,C,D,A,H,B,D,X,E,J,M,D,L,E,B,Y,A,P,T,Y,C,M,D,T,I,A,C,I,T,X,O,N,G,H,U,U,P,M,Z,N,X,B,C,H,Y,K,G,C,L,T,A,S,O,G,X,O,X
I,R,B,Z,U,W,A,X,V,D,K,W,H,M,N,E,J,D,N,U,R,E,P,K,C,N,U,M,X,D,R,Z,I,A,I,B,B,Q,E,D,B,K,E,N,V,M,K,X,E,K,U,J,U,R,L,H,M,O,W,J,J,X,O,S,D,I,D,O,F,E,I,G,E,J,B,B,B,S,Z,A,J,R,G,I,C,W,N,J,S,V,L,V,R,L,K,H,A,V,H,D,O,Z,J,P,B,U,K,Z,U,H,S,C,W,I,Q,F,Q,M,A,A,F,A,R,R,Z,M,N,K,B,T,R,P,L,Q,V,E,V,Y,O,B,I,M,K,E,B,I,V,V,G,J,M,P,T,X,F,P,O,E,M,J,I,C,U,F,V,A,G,W,C,P,N,B,W,D,M,A,R,T,Z,D,V,S,G,E,T,E,O,Z,G,V,R,I,T,Y,Q,M,D,T,X,X
N,O,K,V,A,L,Z,V,M,D,L,V,N,Z,Q,O,N,H,M,C,D,U,Q,Y,R,I,S,M,O,W,Y,E,I,A,Z,J,D,E,N,K,K,F,E,O,W,L,J,N,T,V,Z,A,Z,C,E,F,L,X,L,H,A,S,U,R,F,Q,N,U,V,Y,E,S,W,B,Z,A,G,K,U,T,X,X,E,V,H,E,B,E,P,J,Q,K,Y,J,B,Y,E,N,X,O,U,P,Y,A,H,R,I,E,X,F,M,V,I,F,V,D,P,L,C,T,B,C,R,G,F,V,S,T,X,P,J,R,F,V,J,F,I,T,C,Z,X,O,Q,A,K,G,C,Y,X,J,F,R,N,N,K,Z,N,E,R,Q,F,T,C,Z,Y,M,C,V,Y,U,E,W,Y,V,W,I,U,P,O,F,W,E,V,P,D,H,X,S,B,R,K,E,L,F,B,V,G,S,L,F
B,N,R,P,B,R,O,B,Z,F,Y,C,V,S,Q,Q,B,O,A,L,G,M,O,V,R,M,C,Y,C,L,G,P,D,E,D,M,H,M,N,M,T,I,Q,C,O,B,P,S,K,H,X,Z,F,D,D,I,B,P,E,U,H,M,C,B,Z,I,P,V,D,J,W,V,B,X,A,M,D,T,T,S,I,M,Z,Z,G,W,P,A,I,E,I,B,B,R,Q,M,V,L,E,J,Q,W,Y,R,D,P,P,W,C,S,N,Z,E,I,Y,S,V,L,L,Y,Z,U,D,C,B,D,T,Q,N,K,U,R,G,P,K,K,P,V,L,D,N,W,W,R,Z,F,O,N,A,R,O,Z,H,G,Q,C,Q,O,G,J,Q,Y,X,W,M,E,Q,I,P,K,H,I,K,H,E,M,R,N,A,A,Q,X,M,D,G,D,R,S,I,Z,R,E,B,R,O,D,B,D,Q,X
S,W,T,Q,Y,I,R,A,Q,K,F,H,Z,H,Z,T,Q,D,Q,O,B,E,W,O,M,A,Y,H,M,G,W,H,M,F,K,U,S,O,Q,U,P,Q,N,G,Y,C,S,B,Q,D,Y,A,E,Z,G,L,Z,B,T,V,P,E,Z,N,I,Y,T,G,C,I,P,R,U,H,F,K,N,A,C,Q,U,U,V,A,Z,U,U,X,G,X,L,A,R,Q,D,O,T,U,Q,T,B,O,D,A,Q,F,Z,G,Z,R,I,I,R,P,D,H,O,G,J,C,S,P,L,R,M,E,N,L,H,E,E,X,I,Q,N,H,J,U,M,T,E,F,V,B,E,B,D,Q,Q,T,I,T,M,P,W,Q,X,P,W,G,A,E,U,D,V,R,Q,J,Y,C,J,F,S,P,R,R,M,P,D,K,S,C,E,J,K,R,R,T,I,F,D,K,U,M,F,A,K,O,T,A
C,I,X,H,P,M,E,I,Y,F,C,H,S,K,P,X,U,O,I,D,Z,L,T,L,F,W,L,E,S,W,D,H,S,T,C,V,J,P,T,A,G,H,Y,S,N,W,I,V,I,N,J,B,N,G,S,P,F,Q,F,G,I,Z,A,L,X,Y,A,B,R,W,N,V,X,Q,N,C,O,Z,F,L,D,X,C,A,V,O,X,H,Z,K,S,J,F,W,J,Z,W,A,T,J,E,A,S,W,W,T,G,E,L,Y,D,R,R,X,S,T,D,N,Y,R,A,T,M,H,N,U,U,I,P,M,S,B,U,T,C,N,H,I,L,Z,M,X,C,C,V,N,C,K,Z,C,H,P,X,M,K,Q,Q,B,O,R,N,B,I,U,B,O,X,Y,Q,N,O,C,T,K,V,Y,F,Q,E,H,E,M,Q,B,W,O,P,Q,U,J,M,I,N,Z,O,M,B,Y,B,X
O,H,V,L,R,S,L,R,E,R,C,Q,B,O,A,B,M,E,O,Q,Q,F,K,K,X,P,Y,N,Q,J,G,U,U,V,Z,D,X,U,F,Y,A,J,P,K,Y,S,J,V,Z,I,K,A,I,A,T,F,E,Y,T,T,P,M,K,T,D,F,B,X,S,Y,H,G,G,P,P,O,H,P,O,G,N,C,O,L,Q,S,H,G,Z,D,F,R,Z,W,U,O,K,G,J,R,J,W,L,S,I,E,I,J,W,U,V,W,V,R,H,H,L,K,Y,C,S,V,R,R,D,K,V,P,C,C,K,M,K,R,Y,O,G,K,Y,T,I,F,A,V,U,T,G,=,R,D,Y,C,W,U,R,Z,E,Q,H,Q,E,S,Z,L,U,Q,G,Y,P,B,A,S,D,O,Y,I,P,Q,C,Z,V,X,J,E,h,O,L,C,C,U,T,Z,M,G,F,P,J,F,H,P
H,V,O,M,C,U,G,E,R,T,R,J,Q,C,M,P,N,J,R,R,H,D,Y,T,Z,C,I,L,O,G,N,G,E,K,X,K,R,O,B,Q,R,Z,F,D,A,G,Q,M,M,P,W,G,N,V,C,W,W,E,E,I,K,Z,D,P,C,O,B,J,U,L,K,C,A,W,E,T,T,Y,G,Y,Z,U,H,D,Y,Z,R,U,Q,W,P,Z,H,I,C,T,C,X,K,I,P,M,X,H,N,Y,Z,H,V,R,F,L,S,Y,X,I,F,F,R,U,V,R,R,T,B,H,T,C,H,Z,D,F,L,G,C,T,Z,W,X,K,S,Q,H,T,Q,P,C,Y,S,G,Y,B,L,T,F,T,C,M,J,T,I,P,L,L,E,G,I,T,J,R,C,N,I,X,C,E,U,L,V,E,D,F,R,X,T,Y,X,C,A,W,V,V,P,W,J,A,X,Z,R,R
